1001;Mathian;Di Biagi;35903942;mdibiagi0@princeton.edu;2020;9;11;Messerschmidt;1;35244;Birmingham;Alabama;0;false
1002;Whittaker;Fulmen;35903943;wfulmen1@amazonaws.com;2012;10;15;Truax;68;36641;Mobile;Alabama;1;false
1003;Adriena;Biaggetti;35903944;abiaggetti2@ocn.ne.jp;2008;10;21;Esch;93490;35205;Birmingham;Alabama;2;false
1004;Hermy;Perdue;35903945;hperdue3@a8.net;2006;2;16;Memorial;20500;36109;Montgomery;Alabama;3;false
1005;Iain;Suermeiers;35903946;isuermeiers4@netscape.com;1991;9;12;Red Cloud;0;35242;Birmingham;Alabama;4;false
1006;Tootsie;Bibb;35903947;tbibb5@wikispaces.com;2000;2;1;Reindahl;2943;36622;Mobile;Alabama;5;false
1007;Esmeralda;Roizn;35903948;eroizn6@sun.com;2006;9;12;Pepper Wood;34;35242;Birmingham;Alabama;6;false
1008;Phillip;Aspling;35903949;paspling7@livejournal.com;1995;1;25;Ridgeway;10483;36125;Montgomery;Alabama;7;false
1009;Winny;Whitworth;35903950;wwhitworth8@trellian.com;2001;4;17;Farmco;7201;36177;Montgomery;Alabama;8;false
1010;Brynne;Conerding;35903951;bconerding9@go.com;1997;8;5;Tony;173;35220;Birmingham;Alabama;9;false
1011;Kay;Jump;35903952;kjumpa@java.com;2001;8;8;Mandrake;57;36628;Mobile;Alabama;10;false
1012;Andrus;Titchmarsh;35903953;atitchmarshb@cdbaby.com;2015;2;26;Helena;5;35215;Birmingham;Alabama;11;false
1013;Heriberto;Shaddock;35903954;hshaddockc@last.fm;1993;12;2;Grover;717;35810;Huntsville;Alabama;12;false
1014;Siffre;Oosthout de Vree;35903955;soosthoutdevreed@discuz.net;2003;8;26;Derek;5;35285;Birmingham;Alabama;13;false
1015;Giordano;Cloake;35903956;gcloakee@mapquest.com;2009;2;20;Graceland;331;35810;Huntsville;Alabama;14;false
1016;Mischa;Pahler;35903957;mpahlerf@washingtonpost.com;2011;6;5;John Wall;55;36641;Mobile;Alabama;15;false
1017;Maryjane;Ansett;35903958;mansettg@behance.net;1991;7;25;Moland;45437;36119;Montgomery;Alabama;16;false
1018;Latisha;Clayworth;35903959;lclayworthh@ucoz.com;2006;8;8;Washington;54;35242;Birmingham;Alabama;17;false
1019;Parsifal;Imlach;35903960;pimlachi@businessinsider.com;2010;9;4;Grim;1262;36610;Mobile;Alabama;18;false
1020;Giulio;Cadany;35903961;gcadanyj@walmart.com;1995;11;27;School;83484;35810;Huntsville;Alabama;19;false
1021;Gerome;Faulconbridge;35903962;gfaulconbridgek@yahoo.co.jp;2007;9;23;Daystar;2;35815;Huntsville;Alabama;20;false
1022;Sonny;Corradino;35903963;scorradinol@wunderground.com;1996;11;9;Mosinee;37;36641;Mobile;Alabama;21;false
1023;Berty;Smethurst;35903964;bsmethurstm@de.vu;1998;10;14;Heffernan;788;35242;Birmingham;Alabama;22;false
1024;Wiatt;Braybrookes;35903965;wbraybrookesn@nature.com;1998;2;26;Summit;5;35220;Birmingham;Alabama;23;false
1025;Cecilia;Hoonahan;35903966;choonahano@acquirethisname.com;2012;5;19;Merchant;8648;35810;Huntsville;Alabama;24;false
1026;Dov;Parke;35903967;dparkep@delicious.com;2017;7;6;Red Cloud;527;35290;Birmingham;Alabama;25;false
1027;Tally;Pridham;35903968;tpridhamq@japanpost.jp;2015;4;12;Barnett;6582;36616;Mobile;Alabama;26;false
1028;Jimmie;Mercy;35903969;jmercyr@google.com.hk;2003;1;7;Bonner;1581;35295;Birmingham;Alabama;27;false
1029;Doreen;Adamski;35903970;dadamskis@webs.com;2018;10;15;Debs;53;35242;Birmingham;Alabama;28;false
1030;Jeno;Hammill;35903971;jhammillt@globo.com;2011;7;3;Village Green;629;36114;Montgomery;Alabama;29;false
1031;Lionello;Necrews;35903972;lnecrewsu@nsw.gov.au;2006;5;21;Pearson;0;36104;Montgomery;Alabama;30;false
1032;Annabell;Yarnell;35903973;ayarnellv@etsy.com;2000;3;16;Randy;44;35405;Tuscaloosa;Alabama;31;false
1033;Vin;Yushkov;35903974;vyushkovw@google.com.au;2015;5;17;Morning;684;36670;Mobile;Alabama;32;false
1034;Barb;Henningham;35903975;bhenninghamx@seesaa.net;1995;8;10;Superior;781;35236;Birmingham;Alabama;33;false
1035;Giffard;Lautie;35903976;glautiey@prweb.com;2010;1;18;Bowman;3;36177;Montgomery;Alabama;34;false
1036;Stacey;Robbie;35903977;srobbiez@flickr.com;2017;12;12;Hoard;357;36195;Montgomery;Alabama;35;false
1037;Bettye;Vandenhoff;35903978;bvandenhoff10@yale.edu;1997;7;12;Dayton;1288;36109;Montgomery;Alabama;36;false
1038;Kamillah;Hendrik;35903979;khendrik11@narod.ru;1990;3;6;Clemons;793;35810;Huntsville;Alabama;37;false
1039;Pierre;Wrathmell;35903980;pwrathmell12@hao123.com;2005;7;8;Laurel;96;35487;Tuscaloosa;Alabama;38;false
1040;Emlyn;O'Cassidy;35903981;eocassidy13@addthis.com;2012;11;4;Sauthoff;0;36195;Montgomery;Alabama;39;false
1041;Hildagarde;Filyushkin;35903982;hfilyushkin14@pinterest.com;2014;11;28;International;51;35242;Birmingham;Alabama;40;false
1042;Ada;Bridgewood;35903983;abridgewood15@shutterfly.com;1993;3;11;Katie;6424;35236;Birmingham;Alabama;41;false
1043;Faber;Reddel;35903984;freddel16@samsung.com;1995;2;18;Cordelia;778;36605;Mobile;Alabama;42;false
1044;Laure;Sidwick;35903985;lsidwick17@theguardian.com;2008;2;7;Haas;3;36205;Anniston;Alabama;43;false
1045;Loraine;McIlwaine;35903986;lmcilwaine18@nyu.edu;1991;12;10;Grover;1;36605;Mobile;Alabama;44;false
1046;Drusilla;Corkish;35903987;dcorkish19@domainmarket.com;1998;9;22;Summer Ridge;1;36205;Anniston;Alabama;45;false
1047;Gan;Loutheane;35903988;gloutheane1a@dailymotion.com;2004;4;25;Leroy;6401;36641;Mobile;Alabama;46;false
1048;Kent;Slater;35903989;kslater1b@yolasite.com;2000;1;25;Delaware;94;36641;Mobile;Alabama;47;false
1049;Madlen;Kunkler;35903990;mkunkler1c@twitpic.com;2021;9;17;Forster;36550;36104;Montgomery;Alabama;48;false
1050;Shoshana;Penk;35903991;spenk1d@oaic.gov.au;2017;4;14;Linden;2;35244;Birmingham;Alabama;49;false
1051;Hymie;Hoffmann;35903992;hhoffmann1e@adobe.com;1997;12;3;Sauthoff;3479;36641;Mobile;Alabama;50;false
1052;Adam;Arter;35903993;aarter1f@dot.gov;1999;3;1;Vera;896;35487;Tuscaloosa;Alabama;51;false
1053;Madella;Wren;35903994;mwren1g@hatena.ne.jp;2016;1;20;Washington;80757;35405;Tuscaloosa;Alabama;52;false
1054;Giraud;Moyser;35903995;gmoyser1h@wikimedia.org;1996;6;11;Maywood;5084;35210;Birmingham;Alabama;53;false
1055;Berne;Spinella;35903996;bspinella1i@earthlink.net;1991;4;18;Dixon;3846;35285;Birmingham;Alabama;54;false
1056;Hesther;Deevey;35903997;hdeevey1j@redcross.org;2020;8;25;Dixon;3182;36119;Montgomery;Alabama;55;false
1057;Teodorico;Anshell;35903998;tanshell1k@oakley.com;2002;9;23;Green;7161;35279;Birmingham;Alabama;56;false
1058;Laughton;Rawlison;35903999;lrawlison1l@privacy.gov.au;1991;12;8;Bartillon;5151;36134;Montgomery;Alabama;57;false
1059;Killian;Heindrick;35904000;kheindrick1m@vistaprint.com;2002;11;10;Gerald;568;35810;Huntsville;Alabama;58;false
1060;Zebedee;Beaze;35904001;zbeaze1n@google.com.br;2008;8;3;8th;39780;36104;Montgomery;Alabama;59;false
1061;Mandi;Illidge;35904002;millidge1o@walmart.com;1997;9;4;Dexter;6;36195;Montgomery;Alabama;60;false
1062;Simonne;Ende;35904003;sende1p@shutterfly.com;1994;7;12;Elgar;604;35285;Birmingham;Alabama;61;false
1063;Peadar;Loadwick;35904004;ploadwick1q@forbes.com;2010;3;25;Hauk;11965;35895;Huntsville;Alabama;62;false
1064;Sarah;Oppery;35904005;soppery1r@tinyurl.com;1991;4;8;Talmadge;34232;36670;Mobile;Alabama;63;false
1065;Brewster;Haysar;35904006;bhaysar1s@e-recht24.de;1995;11;14;Butterfield;80804;35295;Birmingham;Alabama;64;false
1066;Loydie;Brambill;35904007;lbrambill1t@state.gov;2012;10;1;Sachs;2370;35254;Birmingham;Alabama;65;false
1067;Georgeanne;Treble;35904008;gtreble1u@bandcamp.com;2003;11;23;Toban;34261;35295;Birmingham;Alabama;66;false
1068;Derron;Boorman;35904009;dboorman1v@smugmug.com;2004;1;11;Lukken;83;35210;Birmingham;Alabama;67;false
1069;Helenka;Layman;35904010;hlayman1w@samsung.com;1995;5;9;Helena;2;36125;Montgomery;Alabama;68;false
1070;Coralie;Le feuvre;35904011;clefeuvre1x@irs.gov;1993;9;21;Barnett;12;35487;Tuscaloosa;Alabama;69;false
1071;Alvy;McGrory;35904012;amcgrory1y@aboutads.info;2006;9;19;Graedel;7636;35295;Birmingham;Alabama;70;false
1072;Shawnee;Digges;35904013;sdigges1z@google.ru;2013;7;23;Kenwood;29487;36605;Mobile;Alabama;71;false
1073;Clareta;McGuffie;35904014;cmcguffie20@dailymotion.com;2003;6;24;Jackson;350;35205;Birmingham;Alabama;72;false
1074;Micheal;L'Hommee;35904015;mlhommee21@businessweek.com;2005;2;25;Anthes;5702;35231;Birmingham;Alabama;73;false
1075;Hashim;Dewdney;35904016;hdewdney22@vkontakte.ru;2017;2;27;Sherman;7981;36119;Montgomery;Alabama;74;false
1076;Kelly;Juanes;35904017;kjuanes23@blogspot.com;2000;11;15;Eastlawn;41860;35895;Huntsville;Alabama;75;false
1077;Letizia;Younie;35904018;lyounie24@aol.com;2015;3;13;Kropf;2;35279;Birmingham;Alabama;76;false
1078;Web;Stuckford;35904019;wstuckford25@newyorker.com;2007;6;21;Fordem;48;36205;Anniston;Alabama;77;false
1079;Jameson;Devo;35904020;jdevo26@t.co;2011;3;28;Esch;28779;35405;Tuscaloosa;Alabama;78;false
1080;Shana;Tissiman;35904021;stissiman27@slate.com;2015;8;8;Loftsgordon;644;36195;Montgomery;Alabama;79;false
1081;Dodie;Aspole;35904022;daspole28@seesaa.net;2002;1;9;Sunnyside;7979;35215;Birmingham;Alabama;80;false
1082;Jerrie;Daughton;35904023;jdaughton29@1688.com;2020;12;5;Menomonie;2695;35290;Birmingham;Alabama;81;false
1083;Garold;Riteley;35904024;griteley2a@freewebs.com;2007;4;25;Hintze;64123;35285;Birmingham;Alabama;82;false
1084;Elsinore;Youll;35904025;eyoull2b@fema.gov;2001;9;17;Monument;81;35905;Gadsden;Alabama;83;false
1085;Pam;Behr;35904026;pbehr2c@ucoz.ru;2012;4;22;Summit;1694;36689;Mobile;Alabama;84;false
1086;Maddy;Caris;35904027;mcaris2d@meetup.com;2018;9;1;Paget;86;36104;Montgomery;Alabama;85;false
1087;Lianna;Collens;35904028;lcollens2e@google.com.hk;1996;4;26;Bellgrove;48310;36114;Montgomery;Alabama;86;false
1088;Celestine;Goch;35904029;cgoch2f@jigsy.com;1993;4;9;Talmadge;79519;35295;Birmingham;Alabama;87;false
1089;Hale;Melluish;35904030;hmelluish2g@over-blog.com;2017;11;26;Oneill;96339;35263;Birmingham;Alabama;88;false
1090;Taite;Speake;35904031;tspeake2h@ycombinator.com;2002;8;9;Sage;12977;36616;Mobile;Alabama;89;false
1091;Jerry;Stenhouse;35904032;jstenhouse2i@miibeian.gov.cn;1990;10;24;Green;5824;36114;Montgomery;Alabama;90;false
1092;Katinka;Leathart;35904033;kleathart2j@seattletimes.com;2010;2;24;Paget;4;35205;Birmingham;Alabama;91;false
1093;Brennen;Laudham;35904034;blaudham2k@sina.com.cn;2006;6;20;Almo;0;35231;Birmingham;Alabama;92;false
1094;Trixie;Jenik;35904035;tjenik2l@phoca.cz;2002;4;14;Jackson;319;35242;Birmingham;Alabama;93;false
1095;Evey;Haswell;35904036;ehaswell2m@yahoo.com;2009;2;6;Basil;441;35220;Birmingham;Alabama;94;false
1096;Ange;Demangeon;35904037;ademangeon2n@twitter.com;2018;10;6;David;2;35905;Gadsden;Alabama;95;false
1097;Robers;Hauxley;35904038;rhauxley2o@free.fr;2013;2;26;Dottie;90;36195;Montgomery;Alabama;96;false
1098;Twila;Baline;35904039;tbaline2p@istockphoto.com;1998;1;23;Browning;341;35231;Birmingham;Alabama;97;false
1099;Truda;Chandler;35904040;tchandler2q@a8.net;1992;11;9;Lindbergh;34739;36610;Mobile;Alabama;98;false
1100;Tilly;Pearcehouse;35904041;tpearcehouse2r@tripod.com;2012;12;20;Summer Ridge;94044;36610;Mobile;Alabama;99;false
